--
-- PostgreSQL database dump
--

-- Dumped from database version 15.3
-- Dumped by pg_dump version 15.3

SET statement_timeout = 0;
SET lock_timeout = 0;
SET idle_in_transaction_session_timeout = 0;
SET client_encoding = 'UTF8';
SET standard_conforming_strings = on;
SELECT pg_catalog.set_config('search_path', '', false);
SET check_function_bodies = false;
SET xmloption = content;
SET client_min_messages = warning;
SET row_security = off;

SET default_tablespace = '';

SET default_table_access_method = heap;

--
-- Name: auth_group; Type: TABLE; Schema: public; Owner: postgres
--

CREATE TABLE public.auth_group (
    id integer NOT NULL,
    name character varying(150) NOT NULL
);


ALTER TABLE public.auth_group OWNER TO postgres;

--
-- Name: auth_group_id_seq; Type: SEQUENCE; Schema: public; Owner: postgres
--

ALTER TABLE public.auth_group ALTER COLUMN id ADD GENERATED BY DEFAULT AS IDENTITY (
    SEQUENCE NAME public.auth_group_id_seq
    START WITH 1
    INCREMENT BY 1
    NO MINVALUE
    NO MAXVALUE
    CACHE 1
);


--
-- Name: auth_group_permissions; Type: TABLE; Schema: public; Owner: postgres
--

CREATE TABLE public.auth_group_permissions (
    id bigint NOT NULL,
    group_id integer NOT NULL,
    permission_id integer NOT NULL
);


ALTER TABLE public.auth_group_permissions OWNER TO postgres;

--
-- Name: auth_group_permissions_id_seq; Type: SEQUENCE; Schema: public; Owner: postgres
--

ALTER TABLE public.auth_group_permissions ALTER COLUMN id ADD GENERATED BY DEFAULT AS IDENTITY (
    SEQUENCE NAME public.auth_group_permissions_id_seq
    START WITH 1
    INCREMENT BY 1
    NO MINVALUE
    NO MAXVALUE
    CACHE 1
);


--
-- Name: auth_permission; Type: TABLE; Schema: public; Owner: postgres
--

CREATE TABLE public.auth_permission (
    id integer NOT NULL,
    name character varying(255) NOT NULL,
    content_type_id integer NOT NULL,
    codename character varying(100) NOT NULL
);


ALTER TABLE public.auth_permission OWNER TO postgres;

--
-- Name: auth_permission_id_seq; Type: SEQUENCE; Schema: public; Owner: postgres
--

ALTER TABLE public.auth_permission ALTER COLUMN id ADD GENERATED BY DEFAULT AS IDENTITY (
    SEQUENCE NAME public.auth_permission_id_seq
    START WITH 1
    INCREMENT BY 1
    NO MINVALUE
    NO MAXVALUE
    CACHE 1
);


--
-- Name: auth_user; Type: TABLE; Schema: public; Owner: postgres
--

CREATE TABLE public.auth_user (
    id integer NOT NULL,
    password character varying(128) NOT NULL,
    last_login timestamp with time zone,
    is_superuser boolean NOT NULL,
    username character varying(150) NOT NULL,
    first_name character varying(150) NOT NULL,
    last_name character varying(150) NOT NULL,
    email character varying(254) NOT NULL,
    is_staff boolean NOT NULL,
    is_active boolean NOT NULL,
    date_joined timestamp with time zone NOT NULL
);


ALTER TABLE public.auth_user OWNER TO postgres;

--
-- Name: auth_user_groups; Type: TABLE; Schema: public; Owner: postgres
--

CREATE TABLE public.auth_user_groups (
    id bigint NOT NULL,
    user_id integer NOT NULL,
    group_id integer NOT NULL
);


ALTER TABLE public.auth_user_groups OWNER TO postgres;

--
-- Name: auth_user_groups_id_seq; Type: SEQUENCE; Schema: public; Owner: postgres
--

ALTER TABLE public.auth_user_groups ALTER COLUMN id ADD GENERATED BY DEFAULT AS IDENTITY (
    SEQUENCE NAME public.auth_user_groups_id_seq
    START WITH 1
    INCREMENT BY 1
    NO MINVALUE
    NO MAXVALUE
    CACHE 1
);


--
-- Name: auth_user_id_seq; Type: SEQUENCE; Schema: public; Owner: postgres
--

ALTER TABLE public.auth_user ALTER COLUMN id ADD GENERATED BY DEFAULT AS IDENTITY (
    SEQUENCE NAME public.auth_user_id_seq
    START WITH 1
    INCREMENT BY 1
    NO MINVALUE
    NO MAXVALUE
    CACHE 1
);


--
-- Name: auth_user_user_permissions; Type: TABLE; Schema: public; Owner: postgres
--

CREATE TABLE public.auth_user_user_permissions (
    id bigint NOT NULL,
    user_id integer NOT NULL,
    permission_id integer NOT NULL
);


ALTER TABLE public.auth_user_user_permissions OWNER TO postgres;

--
-- Name: auth_user_user_permissions_id_seq; Type: SEQUENCE; Schema: public; Owner: postgres
--

ALTER TABLE public.auth_user_user_permissions ALTER COLUMN id ADD GENERATED BY DEFAULT AS IDENTITY (
    SEQUENCE NAME public.auth_user_user_permissions_id_seq
    START WITH 1
    INCREMENT BY 1
    NO MINVALUE
    NO MAXVALUE
    CACHE 1
);


--
-- Name: django_admin_log; Type: TABLE; Schema: public; Owner: postgres
--

CREATE TABLE public.django_admin_log (
    id integer NOT NULL,
    action_time timestamp with time zone NOT NULL,
    object_id text,
    object_repr character varying(200) NOT NULL,
    action_flag smallint NOT NULL,
    change_message text NOT NULL,
    content_type_id integer,
    user_id integer NOT NULL,
    CONSTRAINT django_admin_log_action_flag_check CHECK ((action_flag >= 0))
);


ALTER TABLE public.django_admin_log OWNER TO postgres;

--
-- Name: django_admin_log_id_seq; Type: SEQUENCE; Schema: public; Owner: postgres
--

ALTER TABLE public.django_admin_log ALTER COLUMN id ADD GENERATED BY DEFAULT AS IDENTITY (
    SEQUENCE NAME public.django_admin_log_id_seq
    START WITH 1
    INCREMENT BY 1
    NO MINVALUE
    NO MAXVALUE
    CACHE 1
);


--
-- Name: django_content_type; Type: TABLE; Schema: public; Owner: postgres
--

CREATE TABLE public.django_content_type (
    id integer NOT NULL,
    app_label character varying(100) NOT NULL,
    model character varying(100) NOT NULL
);


ALTER TABLE public.django_content_type OWNER TO postgres;

--
-- Name: django_content_type_id_seq; Type: SEQUENCE; Schema: public; Owner: postgres
--

ALTER TABLE public.django_content_type ALTER COLUMN id ADD GENERATED BY DEFAULT AS IDENTITY (
    SEQUENCE NAME public.django_content_type_id_seq
    START WITH 1
    INCREMENT BY 1
    NO MINVALUE
    NO MAXVALUE
    CACHE 1
);


--
-- Name: django_migrations; Type: TABLE; Schema: public; Owner: postgres
--

CREATE TABLE public.django_migrations (
    id bigint NOT NULL,
    app character varying(255) NOT NULL,
    name character varying(255) NOT NULL,
    applied timestamp with time zone NOT NULL
);


ALTER TABLE public.django_migrations OWNER TO postgres;

--
-- Name: django_migrations_id_seq; Type: SEQUENCE; Schema: public; Owner: postgres
--

ALTER TABLE public.django_migrations ALTER COLUMN id ADD GENERATED BY DEFAULT AS IDENTITY (
    SEQUENCE NAME public.django_migrations_id_seq
    START WITH 1
    INCREMENT BY 1
    NO MINVALUE
    NO MAXVALUE
    CACHE 1
);


--
-- Name: django_session; Type: TABLE; Schema: public; Owner: postgres
--

CREATE TABLE public.django_session (
    session_key character varying(40) NOT NULL,
    session_data text NOT NULL,
    expire_date timestamp with time zone NOT NULL
);


ALTER TABLE public.django_session OWNER TO postgres;

--
-- Name: irender_dryertype; Type: TABLE; Schema: public; Owner: postgres
--

CREATE TABLE public.irender_dryertype (
    id bigint NOT NULL,
    name character varying(255) NOT NULL
);


ALTER TABLE public.irender_dryertype OWNER TO postgres;

--
-- Name: irender_dryertype_id_seq; Type: SEQUENCE; Schema: public; Owner: postgres
--

ALTER TABLE public.irender_dryertype ALTER COLUMN id ADD GENERATED BY DEFAULT AS IDENTITY (
    SEQUENCE NAME public.irender_dryertype_id_seq
    START WITH 1
    INCREMENT BY 1
    NO MINVALUE
    NO MAXVALUE
    CACHE 1
);


--
-- Name: irender_timeperiod; Type: TABLE; Schema: public; Owner: postgres
--

CREATE TABLE public.irender_timeperiod (
    id bigint NOT NULL,
    name character varying(255) NOT NULL
);


ALTER TABLE public.irender_timeperiod OWNER TO postgres;

--
-- Name: irender_timeperiod_id_seq; Type: SEQUENCE; Schema: public; Owner: postgres
--

ALTER TABLE public.irender_timeperiod ALTER COLUMN id ADD GENERATED BY DEFAULT AS IDENTITY (
    SEQUENCE NAME public.irender_timeperiod_id_seq
    START WITH 1
    INCREMENT BY 1
    NO MINVALUE
    NO MAXVALUE
    CACHE 1
);


--
-- Name: irender_woodcatalog; Type: TABLE; Schema: public; Owner: postgres
--

CREATE TABLE public.irender_woodcatalog (
    id bigint NOT NULL,
    name character varying(255) NOT NULL,
    density integer NOT NULL,
    wood_type_id bigint NOT NULL,
    CONSTRAINT irender_woodcatalog_density_check CHECK ((density >= 0))
);


ALTER TABLE public.irender_woodcatalog OWNER TO postgres;

--
-- Name: irender_woodcatalog_id_seq; Type: SEQUENCE; Schema: public; Owner: postgres
--

ALTER TABLE public.irender_woodcatalog ALTER COLUMN id ADD GENERATED BY DEFAULT AS IDENTITY (
    SEQUENCE NAME public.irender_woodcatalog_id_seq
    START WITH 1
    INCREMENT BY 1
    NO MINVALUE
    NO MAXVALUE
    CACHE 1
);


--
-- Name: irender_woodparameters; Type: TABLE; Schema: public; Owner: postgres
--

CREATE TABLE public.irender_woodparameters (
    id bigint NOT NULL,
    temp_dif integer NOT NULL,
    heat_value integer NOT NULL,
    dryer_id bigint NOT NULL,
    period_id bigint NOT NULL,
    wood_type_id bigint NOT NULL
);


ALTER TABLE public.irender_woodparameters OWNER TO postgres;

--
-- Name: irender_woodparameters_id_seq; Type: SEQUENCE; Schema: public; Owner: postgres
--

ALTER TABLE public.irender_woodparameters ALTER COLUMN id ADD GENERATED BY DEFAULT AS IDENTITY (
    SEQUENCE NAME public.irender_woodparameters_id_seq
    START WITH 1
    INCREMENT BY 1
    NO MINVALUE
    NO MAXVALUE
    CACHE 1
);


--
-- Name: irender_woodtype; Type: TABLE; Schema: public; Owner: postgres
--

CREATE TABLE public.irender_woodtype (
    id bigint NOT NULL,
    name character varying(255) NOT NULL
);


ALTER TABLE public.irender_woodtype OWNER TO postgres;

--
-- Name: irender_woodtype_id_seq; Type: SEQUENCE; Schema: public; Owner: postgres
--

ALTER TABLE public.irender_woodtype ALTER COLUMN id ADD GENERATED BY DEFAULT AS IDENTITY (
    SEQUENCE NAME public.irender_woodtype_id_seq
    START WITH 1
    INCREMENT BY 1
    NO MINVALUE
    NO MAXVALUE
    CACHE 1
);


--
-- Data for Name: auth_group; Type: TABLE DATA; Schema: public; Owner: postgres
--

COPY public.auth_group (id, name) FROM stdin;
\.


--
-- Data for Name: auth_group_permissions; Type: TABLE DATA; Schema: public; Owner: postgres
--

COPY public.auth_group_permissions (id, group_id, permission_id) FROM stdin;
\.


--
-- Data for Name: auth_permission; Type: TABLE DATA; Schema: public; Owner: postgres
--

COPY public.auth_permission (id, name, content_type_id, codename) FROM stdin;
1	Can add wood catalog	1	add_woodcatalog
2	Can change wood catalog	1	change_woodcatalog
3	Can delete wood catalog	1	delete_woodcatalog
4	Can view wood catalog	1	view_woodcatalog
5	Can add wood parameters	2	add_woodparameters
6	Can change wood parameters	2	change_woodparameters
7	Can delete wood parameters	2	delete_woodparameters
8	Can view wood parameters	2	view_woodparameters
9	Can add log entry	3	add_logentry
10	Can change log entry	3	change_logentry
11	Can delete log entry	3	delete_logentry
12	Can view log entry	3	view_logentry
13	Can add permission	4	add_permission
14	Can change permission	4	change_permission
15	Can delete permission	4	delete_permission
16	Can view permission	4	view_permission
17	Can add group	5	add_group
18	Can change group	5	change_group
19	Can delete group	5	delete_group
20	Can view group	5	view_group
21	Can add user	6	add_user
22	Can change user	6	change_user
23	Can delete user	6	delete_user
24	Can view user	6	view_user
25	Can add content type	7	add_contenttype
26	Can change content type	7	change_contenttype
27	Can delete content type	7	delete_contenttype
28	Can view content type	7	view_contenttype
29	Can add session	8	add_session
30	Can change session	8	change_session
31	Can delete session	8	delete_session
32	Can view session	8	view_session
33	Can add Тип древесины	9	add_woodtype
34	Can change Тип древесины	9	change_woodtype
35	Can delete Тип древесины	9	delete_woodtype
36	Can view Тип древесины	9	view_woodtype
37	Can add Отопительный Период	10	add_timeperiod
38	Can change Отопительный Период	10	change_timeperiod
39	Can delete Отопительный Период	10	delete_timeperiod
40	Can view Отопительный Период	10	view_timeperiod
41	Can add Тип сушилки	11	add_dryertype
42	Can change Тип сушилки	11	change_dryertype
43	Can delete Тип сушилки	11	delete_dryertype
44	Can view Тип сушилки	11	view_dryertype
45	Can add Плотность сухого материала	12	add_woodcatalog
46	Can change Плотность сухого материала	12	change_woodcatalog
47	Can delete Плотность сухого материала	12	delete_woodcatalog
48	Can view Плотность сухого материала	12	view_woodcatalog
49	Can add Тип сушилки	13	add_dryertype
50	Can change Тип сушилки	13	change_dryertype
51	Can delete Тип сушилки	13	delete_dryertype
52	Can view Тип сушилки	13	view_dryertype
53	Can add Тип древесины	14	add_woodtype
54	Can change Тип древесины	14	change_woodtype
55	Can delete Тип древесины	14	delete_woodtype
56	Can view Тип древесины	14	view_woodtype
57	Can add Удельные расходы теплоты на сушку древесины	15	add_woodparameters
58	Can change Удельные расходы теплоты на сушку древесины	15	change_woodparameters
59	Can delete Удельные расходы теплоты на сушку древесины	15	delete_woodparameters
60	Can view Удельные расходы теплоты на сушку древесины	15	view_woodparameters
61	Can add Отопительный Период	16	add_timeperiod
62	Can change Отопительный Период	16	change_timeperiod
63	Can delete Отопительный Период	16	delete_timeperiod
64	Can view Отопительный Период	16	view_timeperiod
\.


--
-- Data for Name: auth_user; Type: TABLE DATA; Schema: public; Owner: postgres
--

COPY public.auth_user (id, password, last_login, is_superuser, username, first_name, last_name, email, is_staff, is_active, date_joined) FROM stdin;
1	pbkdf2_sha256$600000$4ntriQppFhIlFuKQINSoIf$EypMidt2FINkgbyBexv9MXag+i/gYMW7fdNFNVu2wCA=	2023-07-31 21:05:34.83002+03	t	admin				t	t	2023-07-26 18:55:22.261109+03
\.


--
-- Data for Name: auth_user_groups; Type: TABLE DATA; Schema: public; Owner: postgres
--

COPY public.auth_user_groups (id, user_id, group_id) FROM stdin;
\.


--
-- Data for Name: auth_user_user_permissions; Type: TABLE DATA; Schema: public; Owner: postgres
--

COPY public.auth_user_user_permissions (id, user_id, permission_id) FROM stdin;
\.


--
-- Data for Name: django_admin_log; Type: TABLE DATA; Schema: public; Owner: postgres
--

COPY public.django_admin_log (id, action_time, object_id, object_repr, action_flag, change_message, content_type_id, user_id) FROM stdin;
1	2023-07-26 18:59:08.77896+03	1	Дуб	1	[{"added": {}}]	1	1
2	2023-07-26 19:00:14.304863+03	2	Ель	1	[{"added": {}}]	1	1
3	2023-07-26 19:13:25.854352+03	1	Твёрдые	1	[{"added": {}}]	9	1
4	2023-07-26 19:13:42.881218+03	2	Хвойные и лёгкие	1	[{"added": {}}]	9	1
5	2023-07-26 19:19:12.615182+03	1	Летний	1	[{"added": {}}]	10	1
6	2023-07-26 19:19:33.157905+03	1	Летний период	2	[{"changed": {"fields": ["Name"]}}]	10	1
7	2023-07-26 19:19:39.913361+03	2	Отопительный период	1	[{"added": {}}]	10	1
8	2023-07-26 19:32:33.947181+03	1	Низкотемпературная сушилка	1	[{"added": {}}]	11	1
9	2023-07-26 19:32:46.882453+03	2	Высокотемпературная сушилка	1	[{"added": {}}]	11	1
10	2023-07-26 19:38:02.811817+03	3	Дуб	1	[{"added": {}}]	1	1
11	2023-07-26 19:38:27.111307+03	4	Клён	1	[{"added": {}}]	1	1
12	2023-07-26 19:38:37.390901+03	5	Бук	1	[{"added": {}}]	1	1
13	2023-07-26 19:38:48.245274+03	6	Ясень	1	[{"added": {}}]	1	1
14	2023-07-26 19:39:00.899931+03	7	Лиственница	1	[{"added": {}}]	1	1
15	2023-07-26 19:39:11.5644+03	8	Ель	1	[{"added": {}}]	1	1
16	2023-07-26 19:39:30.366543+03	9	Сосна	1	[{"added": {}}]	1	1
17	2023-07-26 19:39:42.386172+03	10	Пихта	1	[{"added": {}}]	1	1
18	2023-07-26 19:39:54.105405+03	11	Ольха	1	[{"added": {}}]	1	1
19	2023-07-26 19:40:04.796995+03	12	Осина	1	[{"added": {}}]	1	1
20	2023-07-26 19:49:15.395767+03	1	WoodParameters: 1	1	[{"added": {}}]	2	1
21	2023-07-26 19:49:44.430237+03	1	WoodParameters: 1	2	[{"changed": {"fields": ["Period", "Q \\u043a\\u043a\\u0430\\u043b.\\u043a\\u0433"]}}]	2	1
22	2023-07-26 19:49:58.290741+03	1	WoodParameters: 1	2	[{"changed": {"fields": ["Period", "Q \\u043a\\u043a\\u0430\\u043b.\\u043a\\u0433"]}}]	2	1
23	2023-07-26 20:45:28.03341+03	1	WoodParameters: 1	2	[]	2	1
24	2023-07-26 20:45:51.853896+03	2	WoodParameters: 2	1	[{"added": {}}]	2	1
25	2023-07-28 15:30:15.482049+03	3	WoodParameters: 3	1	[{"added": {}}]	2	1
26	2023-07-28 17:46:37.413938+03	3	WoodParameters: 3	2	[{"changed": {"fields": ["Period", "Q \\u043a\\u043a\\u0430\\u043b.\\u043a\\u0433"]}}]	2	1
27	2023-07-28 17:46:56.076243+03	4	WoodParameters: 4	1	[{"added": {}}]	2	1
28	2023-07-28 17:47:38.430709+03	5	WoodParameters: 5	1	[{"added": {}}]	2	1
29	2023-07-28 17:48:25.002607+03	6	WoodParameters: 6	1	[{"added": {}}]	2	1
30	2023-07-28 19:43:38.972444+03	5	WoodParameters: 5	3		2	1
31	2023-07-28 19:44:44.3307+03	7	WoodParameters: 7	1	[{"added": {}}]	2	1
32	2023-07-28 19:46:29.908403+03	6	WoodParameters: 6	2	[{"changed": {"fields": ["Wh-Wk"]}}]	2	1
33	2023-07-28 19:46:51.082088+03	8	WoodParameters: 8	1	[{"added": {}}]	2	1
34	2023-07-28 19:47:11.569423+03	8	WoodParameters: 8	2	[{"changed": {"fields": ["Wh-Wk"]}}]	2	1
35	2023-07-28 19:48:17.948401+03	6	WoodParameters: 6	2	[{"changed": {"fields": ["Wh-Wk"]}}]	2	1
36	2023-07-28 19:48:58.552614+03	9	WoodParameters: 9	1	[{"added": {}}]	2	1
37	2023-07-28 19:49:18.679161+03	10	WoodParameters: 10	1	[{"added": {}}]	2	1
38	2023-07-28 20:07:31.130061+03	9	WoodParameters: 9	2	[]	2	1
39	2023-07-30 16:38:01.50504+03	1	Низкотемпературная сушилка	1	[{"added": {}}]	13	1
40	2023-07-30 16:38:05.128158+03	2	Высокотемпературная сушилка	1	[{"added": {}}]	13	1
41	2023-07-30 16:38:28.714096+03	1	Летний период	1	[{"added": {}}]	16	1
42	2023-07-30 16:38:32.984611+03	2	Отопительный период	1	[{"added": {}}]	16	1
43	2023-07-30 16:38:56.899406+03	1	Твёрдые	1	[{"added": {}}]	14	1
44	2023-07-30 16:39:00.528072+03	2	Хвойные и лёгкие	1	[{"added": {}}]	14	1
45	2023-07-30 16:42:21.895009+03	1	Дуб	1	[{"added": {}}]	12	1
46	2023-07-30 16:42:31.01565+03	2	Клён	1	[{"added": {}}]	12	1
47	2023-07-30 16:42:39.935739+03	3	Бук	1	[{"added": {}}]	12	1
48	2023-07-30 16:42:52.873928+03	4	Ясень	1	[{"added": {}}]	12	1
49	2023-07-30 16:43:03.36046+03	5	Лиственница	1	[{"added": {}}]	12	1
50	2023-07-30 16:43:11.863855+03	6	Ель	1	[{"added": {}}]	12	1
51	2023-07-30 16:43:22.969778+03	7	Сосна	1	[{"added": {}}]	12	1
52	2023-07-30 16:43:33.120798+03	8	Пихта	1	[{"added": {}}]	12	1
53	2023-07-30 16:43:47.535321+03	9	Ольха	1	[{"added": {}}]	12	1
54	2023-07-30 16:43:56.348203+03	10	Осина	1	[{"added": {}}]	12	1
55	2023-07-30 16:44:24.631789+03	1	WoodParameters: 1	1	[{"added": {}}]	15	1
56	2023-07-30 16:44:36.486096+03	2	WoodParameters: 2	1	[{"added": {}}]	15	1
57	2023-07-30 16:44:59.203336+03	3	WoodParameters: 3	1	[{"added": {}}]	15	1
58	2023-07-30 16:45:13.898152+03	4	WoodParameters: 4	1	[{"added": {}}]	15	1
59	2023-07-30 16:48:06.264875+03	5	WoodParameters object (5)	1	[{"added": {}}]	15	1
60	2023-07-30 16:48:35.869092+03	6	WoodParameters object (6)	1	[{"added": {}}]	15	1
61	2023-07-30 16:48:53.366191+03	7	WoodParameters object (7)	1	[{"added": {}}]	15	1
62	2023-07-30 16:49:06.986046+03	8	WoodParameters object (8)	1	[{"added": {}}]	15	1
63	2023-07-30 16:49:31.619607+03	9	WoodParameters object (9)	1	[{"added": {}}]	15	1
64	2023-07-30 16:49:42.871934+03	10	WoodParameters object (10)	1	[{"added": {}}]	15	1
65	2023-07-30 16:49:53.221446+03	11	WoodParameters object (11)	1	[{"added": {}}]	15	1
66	2023-07-30 16:50:04.467203+03	12	WoodParameters object (12)	1	[{"added": {}}]	15	1
67	2023-07-30 16:50:34.638818+03	13	WoodParameters object (13)	1	[{"added": {}}]	15	1
68	2023-07-30 16:50:47.777+03	14	WoodParameters object (14)	1	[{"added": {}}]	15	1
69	2023-07-30 16:50:59.156712+03	15	WoodParameters object (15)	1	[{"added": {}}]	15	1
70	2023-07-30 16:51:14.018492+03	16	WoodParameters object (16)	1	[{"added": {}}]	15	1
71	2023-07-30 16:53:56.696392+03	17	WoodParameters object (17)	1	[{"added": {}}]	15	1
72	2023-07-30 16:54:08.24665+03	18	WoodParameters object (18)	1	[{"added": {}}]	15	1
73	2023-07-30 16:54:18.865955+03	19	WoodParameters object (19)	1	[{"added": {}}]	15	1
74	2023-07-30 16:54:31.183613+03	20	WoodParameters object (20)	1	[{"added": {}}]	15	1
75	2023-07-30 16:55:12.449338+03	21	WoodParameters object (21)	1	[{"added": {}}]	15	1
76	2023-07-30 16:55:22.986254+03	22	WoodParameters object (22)	1	[{"added": {}}]	15	1
77	2023-07-30 16:55:35.310733+03	23	WoodParameters object (23)	1	[{"added": {}}]	15	1
78	2023-07-30 16:55:45.483887+03	24	WoodParameters object (24)	1	[{"added": {}}]	15	1
79	2023-07-30 16:56:15.3709+03	25	WoodParameters object (25)	1	[{"added": {}}]	15	1
80	2023-07-30 16:56:25.679393+03	26	WoodParameters object (26)	1	[{"added": {}}]	15	1
81	2023-07-30 16:56:36.617461+03	27	WoodParameters object (27)	1	[{"added": {}}]	15	1
82	2023-07-30 16:57:29.787151+03	28	WoodParameters object (28)	1	[{"added": {}}]	15	1
83	2023-07-30 16:57:51.468269+03	29	WoodParameters object (29)	1	[{"added": {}}]	15	1
84	2023-07-30 16:58:00.679129+03	30	WoodParameters object (30)	1	[{"added": {}}]	15	1
85	2023-07-30 16:58:10.719942+03	31	WoodParameters object (31)	1	[{"added": {}}]	15	1
86	2023-07-30 16:58:21.678978+03	32	WoodParameters object (32)	1	[{"added": {}}]	15	1
87	2023-07-30 16:58:45.223506+03	33	WoodParameters object (33)	1	[{"added": {}}]	15	1
88	2023-07-30 16:58:57.093705+03	34	WoodParameters object (34)	1	[{"added": {}}]	15	1
89	2023-07-30 16:59:14.222466+03	35	WoodParameters object (35)	1	[{"added": {}}]	15	1
90	2023-07-30 16:59:23.59513+03	36	WoodParameters object (36)	1	[{"added": {}}]	15	1
91	2023-07-30 17:04:47.573542+03	37	WoodParameters object (37)	1	[{"added": {}}]	15	1
92	2023-07-30 17:04:58.909908+03	38	WoodParameters object (38)	1	[{"added": {}}]	15	1
93	2023-07-30 17:05:17.566193+03	39	WoodParameters object (39)	1	[{"added": {}}]	15	1
94	2023-07-30 17:05:28.654872+03	40	WoodParameters object (40)	1	[{"added": {}}]	15	1
95	2023-07-30 17:06:11.356181+03	41	WoodParameters object (41)	1	[{"added": {}}]	15	1
96	2023-07-30 17:06:23.782964+03	42	WoodParameters object (42)	1	[{"added": {}}]	15	1
97	2023-07-30 17:06:45.413305+03	43	WoodParameters object (43)	1	[{"added": {}}]	15	1
98	2023-07-30 17:06:55.613066+03	44	WoodParameters object (44)	1	[{"added": {}}]	15	1
99	2023-07-30 17:07:35.355409+03	45	WoodParameters object (45)	1	[{"added": {}}]	15	1
100	2023-07-30 17:07:46.380236+03	46	WoodParameters object (46)	1	[{"added": {}}]	15	1
101	2023-07-30 17:07:57.258008+03	47	WoodParameters object (47)	1	[{"added": {}}]	15	1
102	2023-07-30 17:08:09.799316+03	48	WoodParameters object (48)	1	[{"added": {}}]	15	1
103	2023-07-30 17:08:21.690878+03	49	WoodParameters object (49)	1	[{"added": {}}]	15	1
104	2023-07-30 17:08:32.897229+03	50	WoodParameters object (50)	1	[{"added": {}}]	15	1
105	2023-07-30 17:09:01.31948+03	51	WoodParameters object (51)	1	[{"added": {}}]	15	1
106	2023-07-30 17:09:13.027703+03	52	WoodParameters object (52)	1	[{"added": {}}]	15	1
107	2023-07-30 17:09:32.43322+03	53	WoodParameters object (53)	1	[{"added": {}}]	15	1
108	2023-07-30 17:09:42.947305+03	54	WoodParameters object (54)	1	[{"added": {}}]	15	1
109	2023-07-30 17:10:03.522137+03	55	WoodParameters object (55)	1	[{"added": {}}]	15	1
110	2023-07-30 17:10:22.792183+03	56	WoodParameters object (56)	1	[{"added": {}}]	15	1
111	2023-07-30 17:10:32.37711+03	57	WoodParameters object (57)	1	[{"added": {}}]	15	1
112	2023-07-30 17:10:42.380456+03	58	WoodParameters object (58)	1	[{"added": {}}]	15	1
113	2023-07-30 17:10:55.188937+03	59	WoodParameters object (59)	1	[{"added": {}}]	15	1
114	2023-07-30 17:11:07.822519+03	60	WoodParameters object (60)	1	[{"added": {}}]	15	1
115	2023-07-30 17:11:38.660916+03	61	WoodParameters object (61)	1	[{"added": {}}]	15	1
116	2023-07-30 17:11:49.378587+03	62	WoodParameters object (62)	1	[{"added": {}}]	15	1
117	2023-07-30 17:11:59.745286+03	63	WoodParameters object (63)	1	[{"added": {}}]	15	1
118	2023-07-30 17:12:11.481852+03	64	WoodParameters object (64)	1	[{"added": {}}]	15	1
119	2023-07-30 17:12:21.417755+03	65	WoodParameters object (65)	1	[{"added": {}}]	15	1
120	2023-07-30 17:12:43.224962+03	66	WoodParameters object (66)	1	[{"added": {}}]	15	1
121	2023-07-30 17:12:55.498073+03	67	WoodParameters object (67)	1	[{"added": {}}]	15	1
122	2023-07-30 17:13:10.192039+03	68	WoodParameters object (68)	1	[{"added": {}}]	15	1
123	2023-07-30 17:13:20.382819+03	69	WoodParameters object (69)	1	[{"added": {}}]	15	1
124	2023-07-30 17:14:18.198097+03	70	WoodParameters object (70)	1	[{"added": {}}]	15	1
125	2023-07-30 17:14:30.077617+03	71	WoodParameters object (71)	1	[{"added": {}}]	15	1
126	2023-07-30 17:14:40.273471+03	72	WoodParameters object (72)	1	[{"added": {}}]	15	1
127	2023-07-30 17:14:50.207528+03	73	WoodParameters object (73)	1	[{"added": {}}]	15	1
\.


--
-- Data for Name: django_content_type; Type: TABLE DATA; Schema: public; Owner: postgres
--

COPY public.django_content_type (id, app_label, model) FROM stdin;
1	frontsite	woodcatalog
2	frontsite	woodparameters
3	admin	logentry
4	auth	permission
5	auth	group
6	auth	user
7	contenttypes	contenttype
8	sessions	session
9	frontsite	woodtype
10	frontsite	timeperiod
11	frontsite	dryertype
12	irender	woodcatalog
13	irender	dryertype
14	irender	woodtype
15	irender	woodparameters
16	irender	timeperiod
\.


--
-- Data for Name: django_migrations; Type: TABLE DATA; Schema: public; Owner: postgres
--

COPY public.django_migrations (id, app, name, applied) FROM stdin;
1	contenttypes	0001_initial	2023-07-26 18:54:56.974939+03
2	auth	0001_initial	2023-07-26 18:54:57.115574+03
3	admin	0001_initial	2023-07-26 18:54:57.162454+03
4	admin	0002_logentry_remove_auto_add	2023-07-26 18:54:57.162454+03
5	admin	0003_logentry_add_action_flag_choices	2023-07-26 18:54:57.178079+03
6	contenttypes	0002_remove_content_type_name	2023-07-26 18:54:57.209332+03
7	auth	0002_alter_permission_name_max_length	2023-07-26 18:54:57.209332+03
8	auth	0003_alter_user_email_max_length	2023-07-26 18:54:57.240586+03
9	auth	0004_alter_user_username_opts	2023-07-26 18:54:57.256208+03
10	auth	0005_alter_user_last_login_null	2023-07-26 18:54:57.256208+03
11	auth	0006_require_contenttypes_0002	2023-07-26 18:54:57.271834+03
12	auth	0007_alter_validators_add_error_messages	2023-07-26 18:54:57.280222+03
13	auth	0008_alter_user_username_max_length	2023-07-26 18:54:57.295862+03
14	auth	0009_alter_user_last_name_max_length	2023-07-26 18:54:57.373979+03
15	auth	0010_alter_group_name_max_length	2023-07-26 18:54:57.405254+03
16	auth	0011_update_proxy_permissions	2023-07-26 18:54:57.420858+03
17	auth	0012_alter_user_first_name_max_length	2023-07-26 18:54:57.420858+03
18	frontsite	0001_initial	2023-07-26 18:54:57.467738+03
19	sessions	0001_initial	2023-07-26 18:54:57.483362+03
20	frontsite	0002_woodtype_alter_woodcatalog_options_and_more	2023-07-26 19:12:38.406172+03
21	frontsite	0003_woodparameters_heat_value	2023-07-26 19:14:54.35115+03
22	frontsite	0004_timeperiod_alter_woodparameters_period	2023-07-26 19:18:19.989784+03
23	frontsite	0005_dryertype_alter_woodparameters_heat_value_and_more	2023-07-26 19:32:00.561801+03
24	frontsite	0006_alter_woodcatalog_density_alter_woodcatalog_name_and_more	2023-07-27 00:54:29.739141+03
25	irender	0001_initial	2023-07-29 15:11:15.001403+03
\.


--
-- Data for Name: django_session; Type: TABLE DATA; Schema: public; Owner: postgres
--

COPY public.django_session (session_key, session_data, expire_date) FROM stdin;
fhsyz2sotk71kmtuc5xotiecbrbemwym	.eJxVjMEKwyAQRP_FcxGNUdYee-83yK6uNW1RiMkp9N-bQA7taWDem9lEwHUpYe08hymJq9Di8tsRxhfXA6Qn1keTsdVlnkgeijxpl_eW-H073b-Dgr3sa_R6GCmzyszOc2SdgKyJAzKgyZEdqExswVN2TkUajQabgPeg5FB8vhwVOSw:1qQ6b8:LQWOolZRtWlrHs_4o-PjPIwftgPG6v6l8PhpB9trqZ4	2023-08-13 16:36:38.284049+03
rej2zfw2v1iuxcimpaqyf5r2vjqs5rw6	.eJxVjMEKwyAQRP_FcxGNUdYee-83yK6uNW1RiMkp9N-bQA7taWDem9lEwHUpYe08hymJq9Di8tsRxhfXA6Qn1keTsdVlnkgeijxpl_eW-H073b-Dgr3sa_R6GCmzyszOc2SdgKyJAzKgyZEdqExswVN2TkUajQabgPeg5FB8vhwVOSw:1qQXGw:qrgf2Joxd4W3WTIRxTssS4uqnnp1EBYEf9VZCXfCSa0	2023-08-14 21:05:34.840025+03
\.


--
-- Data for Name: irender_dryertype; Type: TABLE DATA; Schema: public; Owner: postgres
--

COPY public.irender_dryertype (id, name) FROM stdin;
1	Низкотемпературная сушилка
2	Высокотемпературная сушилка
\.


--
-- Data for Name: irender_timeperiod; Type: TABLE DATA; Schema: public; Owner: postgres
--

COPY public.irender_timeperiod (id, name) FROM stdin;
1	Летний период
2	Отопительный период
\.


--
-- Data for Name: irender_woodcatalog; Type: TABLE DATA; Schema: public; Owner: postgres
--

COPY public.irender_woodcatalog (id, name, density, wood_type_id) FROM stdin;
1	Дуб	580	1
2	Клён	570	1
3	Бук	570	1
4	Ясень	570	1
5	Лиственница	650	1
6	Ель	430	2
7	Сосна	430	2
8	Пихта	350	2
9	Ольха	420	2
10	Осина	380	2
\.


--
-- Data for Name: irender_woodparameters; Type: TABLE DATA; Schema: public; Owner: postgres
--

COPY public.irender_woodparameters (id, temp_dif, heat_value, dryer_id, period_id, wood_type_id) FROM stdin;
1	90	2340	1	2	2
2	90	2010	1	1	2
3	90	1150	2	2	2
4	90	1010	2	1	2
5	80	2370	1	2	2
6	80	2040	1	1	2
7	80	1160	2	2	2
8	80	1020	2	1	2
9	70	2480	1	2	2
10	70	2140	1	1	2
11	70	1200	2	2	2
12	70	1060	2	1	2
13	60	2570	1	2	2
14	60	2220	1	1	2
15	60	1240	2	2	2
16	60	1090	2	1	2
17	50	2680	1	2	2
18	50	2320	1	1	2
19	50	1290	2	2	2
20	50	1130	2	1	2
21	40	2760	1	2	2
22	40	2390	1	1	2
23	40	1340	2	2	2
24	40	1180	2	1	2
25	30	2850	1	2	2
26	30	2480	1	1	2
27	30	1390	2	2	2
28	30	1220	2	1	2
29	20	3290	1	2	2
30	20	2880	1	1	2
31	20	1610	2	2	2
32	20	1410	2	1	2
33	10	5390	1	2	2
34	10	4820	1	1	2
35	10	2450	2	2	2
36	10	2160	2	1	2
37	90	2670	1	2	1
38	90	2300	1	1	1
39	90	1340	2	2	1
40	90	1190	2	1	1
41	80	2720	1	2	1
42	80	2360	1	1	1
43	80	1360	2	2	1
44	80	1200	2	1	1
45	70	2830	1	2	1
46	70	2450	1	1	1
47	70	1390	2	2	1
48	70	1240	2	1	1
49	60	2960	1	2	1
50	60	2570	1	1	1
51	60	1440	2	2	1
52	60	1280	2	1	1
53	50	3100	1	2	1
54	50	2710	1	1	1
55	50	1480	2	2	1
57	50	1320	2	1	1
58	40	3210	1	2	1
59	40	2800	1	1	1
60	40	1520	2	2	1
61	40	1360	2	1	1
62	30	3280	1	2	1
63	30	2870	1	1	1
64	30	1560	2	2	1
65	30	1400	2	1	1
66	20	3880	1	2	1
67	20	3430	1	1	1
68	20	1780	2	2	1
69	20	1610	2	1	1
70	10	6540	1	2	1
71	10	5880	1	1	1
72	10	2630	2	2	1
73	10	2410	2	1	1
\.


--
-- Data for Name: irender_woodtype; Type: TABLE DATA; Schema: public; Owner: postgres
--

COPY public.irender_woodtype (id, name) FROM stdin;
1	Твёрдые
2	Хвойные и лёгкие
\.


--
-- Name: auth_group_id_seq; Type: SEQUENCE SET; Schema: public; Owner: postgres
--

SELECT pg_catalog.setval('public.auth_group_id_seq', 1, false);


--
-- Name: auth_group_permissions_id_seq; Type: SEQUENCE SET; Schema: public; Owner: postgres
--

SELECT pg_catalog.setval('public.auth_group_permissions_id_seq', 1, false);


--
-- Name: auth_permission_id_seq; Type: SEQUENCE SET; Schema: public; Owner: postgres
--

SELECT pg_catalog.setval('public.auth_permission_id_seq', 64, true);


--
-- Name: auth_user_groups_id_seq; Type: SEQUENCE SET; Schema: public; Owner: postgres
--

SELECT pg_catalog.setval('public.auth_user_groups_id_seq', 1, false);


--
-- Name: auth_user_id_seq; Type: SEQUENCE SET; Schema: public; Owner: postgres
--

SELECT pg_catalog.setval('public.auth_user_id_seq', 1, true);


--
-- Name: auth_user_user_permissions_id_seq; Type: SEQUENCE SET; Schema: public; Owner: postgres
--

SELECT pg_catalog.setval('public.auth_user_user_permissions_id_seq', 1, false);


--
-- Name: django_admin_log_id_seq; Type: SEQUENCE SET; Schema: public; Owner: postgres
--

SELECT pg_catalog.setval('public.django_admin_log_id_seq', 127, true);


--
-- Name: django_content_type_id_seq; Type: SEQUENCE SET; Schema: public; Owner: postgres
--

SELECT pg_catalog.setval('public.django_content_type_id_seq', 16, true);


--
-- Name: django_migrations_id_seq; Type: SEQUENCE SET; Schema: public; Owner: postgres
--

SELECT pg_catalog.setval('public.django_migrations_id_seq', 25, true);


--
-- Name: irender_dryertype_id_seq; Type: SEQUENCE SET; Schema: public; Owner: postgres
--

SELECT pg_catalog.setval('public.irender_dryertype_id_seq', 2, true);


--
-- Name: irender_timeperiod_id_seq; Type: SEQUENCE SET; Schema: public; Owner: postgres
--

SELECT pg_catalog.setval('public.irender_timeperiod_id_seq', 2, true);


--
-- Name: irender_woodcatalog_id_seq; Type: SEQUENCE SET; Schema: public; Owner: postgres
--

SELECT pg_catalog.setval('public.irender_woodcatalog_id_seq', 10, true);


--
-- Name: irender_woodparameters_id_seq; Type: SEQUENCE SET; Schema: public; Owner: postgres
--

SELECT pg_catalog.setval('public.irender_woodparameters_id_seq', 73, true);


--
-- Name: irender_woodtype_id_seq; Type: SEQUENCE SET; Schema: public; Owner: postgres
--

SELECT pg_catalog.setval('public.irender_woodtype_id_seq', 2, true);


--
-- Name: auth_group auth_group_name_key; Type: CONSTRAINT; Schema: public; Owner: postgres
--

ALTER TABLE ONLY public.auth_group
    ADD CONSTRAINT auth_group_name_key UNIQUE (name);


--
-- Name: auth_group_permissions auth_group_permissions_group_id_permission_id_0cd325b0_uniq; Type: CONSTRAINT; Schema: public; Owner: postgres
--

ALTER TABLE ONLY public.auth_group_permissions
    ADD CONSTRAINT auth_group_permissions_group_id_permission_id_0cd325b0_uniq UNIQUE (group_id, permission_id);


--
-- Name: auth_group_permissions auth_group_permissions_pkey; Type: CONSTRAINT; Schema: public; Owner: postgres
--

ALTER TABLE ONLY public.auth_group_permissions
    ADD CONSTRAINT auth_group_permissions_pkey PRIMARY KEY (id);


--
-- Name: auth_group auth_group_pkey; Type: CONSTRAINT; Schema: public; Owner: postgres
--

ALTER TABLE ONLY public.auth_group
    ADD CONSTRAINT auth_group_pkey PRIMARY KEY (id);


--
-- Name: auth_permission auth_permission_content_type_id_codename_01ab375a_uniq; Type: CONSTRAINT; Schema: public; Owner: postgres
--

ALTER TABLE ONLY public.auth_permission
    ADD CONSTRAINT auth_permission_content_type_id_codename_01ab375a_uniq UNIQUE (content_type_id, codename);


--
-- Name: auth_permission auth_permission_pkey; Type: CONSTRAINT; Schema: public; Owner: postgres
--

ALTER TABLE ONLY public.auth_permission
    ADD CONSTRAINT auth_permission_pkey PRIMARY KEY (id);


--
-- Name: auth_user_groups auth_user_groups_pkey; Type: CONSTRAINT; Schema: public; Owner: postgres
--

ALTER TABLE ONLY public.auth_user_groups
    ADD CONSTRAINT auth_user_groups_pkey PRIMARY KEY (id);


--
-- Name: auth_user_groups auth_user_groups_user_id_group_id_94350c0c_uniq; Type: CONSTRAINT; Schema: public; Owner: postgres
--

ALTER TABLE ONLY public.auth_user_groups
    ADD CONSTRAINT auth_user_groups_user_id_group_id_94350c0c_uniq UNIQUE (user_id, group_id);


--
-- Name: auth_user auth_user_pkey; Type: CONSTRAINT; Schema: public; Owner: postgres
--

ALTER TABLE ONLY public.auth_user
    ADD CONSTRAINT auth_user_pkey PRIMARY KEY (id);


--
-- Name: auth_user_user_permissions auth_user_user_permissions_pkey; Type: CONSTRAINT; Schema: public; Owner: postgres
--

ALTER TABLE ONLY public.auth_user_user_permissions
    ADD CONSTRAINT auth_user_user_permissions_pkey PRIMARY KEY (id);


--
-- Name: auth_user_user_permissions auth_user_user_permissions_user_id_permission_id_14a6b632_uniq; Type: CONSTRAINT; Schema: public; Owner: postgres
--

ALTER TABLE ONLY public.auth_user_user_permissions
    ADD CONSTRAINT auth_user_user_permissions_user_id_permission_id_14a6b632_uniq UNIQUE (user_id, permission_id);


--
-- Name: auth_user auth_user_username_key; Type: CONSTRAINT; Schema: public; Owner: postgres
--

ALTER TABLE ONLY public.auth_user
    ADD CONSTRAINT auth_user_username_key UNIQUE (username);


--
-- Name: django_admin_log django_admin_log_pkey; Type: CONSTRAINT; Schema: public; Owner: postgres
--

ALTER TABLE ONLY public.django_admin_log
    ADD CONSTRAINT django_admin_log_pkey PRIMARY KEY (id);


--
-- Name: django_content_type django_content_type_app_label_model_76bd3d3b_uniq; Type: CONSTRAINT; Schema: public; Owner: postgres
--

ALTER TABLE ONLY public.django_content_type
    ADD CONSTRAINT django_content_type_app_label_model_76bd3d3b_uniq UNIQUE (app_label, model);


--
-- Name: django_content_type django_content_type_pkey; Type: CONSTRAINT; Schema: public; Owner: postgres
--

ALTER TABLE ONLY public.django_content_type
    ADD CONSTRAINT django_content_type_pkey PRIMARY KEY (id);


--
-- Name: django_migrations django_migrations_pkey; Type: CONSTRAINT; Schema: public; Owner: postgres
--

ALTER TABLE ONLY public.django_migrations
    ADD CONSTRAINT django_migrations_pkey PRIMARY KEY (id);


--
-- Name: django_session django_session_pkey; Type: CONSTRAINT; Schema: public; Owner: postgres
--

ALTER TABLE ONLY public.django_session
    ADD CONSTRAINT django_session_pkey PRIMARY KEY (session_key);


--
-- Name: irender_dryertype irender_dryertype_pkey; Type: CONSTRAINT; Schema: public; Owner: postgres
--

ALTER TABLE ONLY public.irender_dryertype
    ADD CONSTRAINT irender_dryertype_pkey PRIMARY KEY (id);


--
-- Name: irender_timeperiod irender_timeperiod_pkey; Type: CONSTRAINT; Schema: public; Owner: postgres
--

ALTER TABLE ONLY public.irender_timeperiod
    ADD CONSTRAINT irender_timeperiod_pkey PRIMARY KEY (id);


--
-- Name: irender_woodcatalog irender_woodcatalog_pkey; Type: CONSTRAINT; Schema: public; Owner: postgres
--

ALTER TABLE ONLY public.irender_woodcatalog
    ADD CONSTRAINT irender_woodcatalog_pkey PRIMARY KEY (id);


--
-- Name: irender_woodparameters irender_woodparameters_pkey; Type: CONSTRAINT; Schema: public; Owner: postgres
--

ALTER TABLE ONLY public.irender_woodparameters
    ADD CONSTRAINT irender_woodparameters_pkey PRIMARY KEY (id);


--
-- Name: irender_woodtype irender_woodtype_pkey; Type: CONSTRAINT; Schema: public; Owner: postgres
--

ALTER TABLE ONLY public.irender_woodtype
    ADD CONSTRAINT irender_woodtype_pkey PRIMARY KEY (id);


--
-- Name: auth_group_name_a6ea08ec_like; Type: INDEX; Schema: public; Owner: postgres
--

CREATE INDEX auth_group_name_a6ea08ec_like ON public.auth_group USING btree (name varchar_pattern_ops);


--
-- Name: auth_group_permissions_group_id_b120cbf9; Type: INDEX; Schema: public; Owner: postgres
--

CREATE INDEX auth_group_permissions_group_id_b120cbf9 ON public.auth_group_permissions USING btree (group_id);


--
-- Name: auth_group_permissions_permission_id_84c5c92e; Type: INDEX; Schema: public; Owner: postgres
--

CREATE INDEX auth_group_permissions_permission_id_84c5c92e ON public.auth_group_permissions USING btree (permission_id);


--
-- Name: auth_permission_content_type_id_2f476e4b; Type: INDEX; Schema: public; Owner: postgres
--

CREATE INDEX auth_permission_content_type_id_2f476e4b ON public.auth_permission USING btree (content_type_id);


--
-- Name: auth_user_groups_group_id_97559544; Type: INDEX; Schema: public; Owner: postgres
--

CREATE INDEX auth_user_groups_group_id_97559544 ON public.auth_user_groups USING btree (group_id);


--
-- Name: auth_user_groups_user_id_6a12ed8b; Type: INDEX; Schema: public; Owner: postgres
--

CREATE INDEX auth_user_groups_user_id_6a12ed8b ON public.auth_user_groups USING btree (user_id);


--
-- Name: auth_user_user_permissions_permission_id_1fbb5f2c; Type: INDEX; Schema: public; Owner: postgres
--

CREATE INDEX auth_user_user_permissions_permission_id_1fbb5f2c ON public.auth_user_user_permissions USING btree (permission_id);


--
-- Name: auth_user_user_permissions_user_id_a95ead1b; Type: INDEX; Schema: public; Owner: postgres
--

CREATE INDEX auth_user_user_permissions_user_id_a95ead1b ON public.auth_user_user_permissions USING btree (user_id);


--
-- Name: auth_user_username_6821ab7c_like; Type: INDEX; Schema: public; Owner: postgres
--

CREATE INDEX auth_user_username_6821ab7c_like ON public.auth_user USING btree (username varchar_pattern_ops);


--
-- Name: django_admin_log_content_type_id_c4bce8eb; Type: INDEX; Schema: public; Owner: postgres
--

CREATE INDEX django_admin_log_content_type_id_c4bce8eb ON public.django_admin_log USING btree (content_type_id);


--
-- Name: django_admin_log_user_id_c564eba6; Type: INDEX; Schema: public; Owner: postgres
--

CREATE INDEX django_admin_log_user_id_c564eba6 ON public.django_admin_log USING btree (user_id);


--
-- Name: django_session_expire_date_a5c62663; Type: INDEX; Schema: public; Owner: postgres
--

CREATE INDEX django_session_expire_date_a5c62663 ON public.django_session USING btree (expire_date);


--
-- Name: django_session_session_key_c0390e0f_like; Type: INDEX; Schema: public; Owner: postgres
--

CREATE INDEX django_session_session_key_c0390e0f_like ON public.django_session USING btree (session_key varchar_pattern_ops);


--
-- Name: irender_woodcatalog_wood_type_id_f2a65507; Type: INDEX; Schema: public; Owner: postgres
--

CREATE INDEX irender_woodcatalog_wood_type_id_f2a65507 ON public.irender_woodcatalog USING btree (wood_type_id);


--
-- Name: irender_woodparameters_dryer_id_756c22ba; Type: INDEX; Schema: public; Owner: postgres
--

CREATE INDEX irender_woodparameters_dryer_id_756c22ba ON public.irender_woodparameters USING btree (dryer_id);


--
-- Name: irender_woodparameters_period_id_66cf13a0; Type: INDEX; Schema: public; Owner: postgres
--

CREATE INDEX irender_woodparameters_period_id_66cf13a0 ON public.irender_woodparameters USING btree (period_id);


--
-- Name: irender_woodparameters_wood_type_id_e93416ad; Type: INDEX; Schema: public; Owner: postgres
--

CREATE INDEX irender_woodparameters_wood_type_id_e93416ad ON public.irender_woodparameters USING btree (wood_type_id);


--
-- Name: auth_group_permissions auth_group_permissio_permission_id_84c5c92e_fk_auth_perm; Type: FK CONSTRAINT; Schema: public; Owner: postgres
--

ALTER TABLE ONLY public.auth_group_permissions
    ADD CONSTRAINT auth_group_permissio_permission_id_84c5c92e_fk_auth_perm FOREIGN KEY (permission_id) REFERENCES public.auth_permission(id) DEFERRABLE INITIALLY DEFERRED;


--
-- Name: auth_group_permissions auth_group_permissions_group_id_b120cbf9_fk_auth_group_id; Type: FK CONSTRAINT; Schema: public; Owner: postgres
--

ALTER TABLE ONLY public.auth_group_permissions
    ADD CONSTRAINT auth_group_permissions_group_id_b120cbf9_fk_auth_group_id FOREIGN KEY (group_id) REFERENCES public.auth_group(id) DEFERRABLE INITIALLY DEFERRED;


--
-- Name: auth_permission auth_permission_content_type_id_2f476e4b_fk_django_co; Type: FK CONSTRAINT; Schema: public; Owner: postgres
--

ALTER TABLE ONLY public.auth_permission
    ADD CONSTRAINT auth_permission_content_type_id_2f476e4b_fk_django_co FOREIGN KEY (content_type_id) REFERENCES public.django_content_type(id) DEFERRABLE INITIALLY DEFERRED;


--
-- Name: auth_user_groups auth_user_groups_group_id_97559544_fk_auth_group_id; Type: FK CONSTRAINT; Schema: public; Owner: postgres
--

ALTER TABLE ONLY public.auth_user_groups
    ADD CONSTRAINT auth_user_groups_group_id_97559544_fk_auth_group_id FOREIGN KEY (group_id) REFERENCES public.auth_group(id) DEFERRABLE INITIALLY DEFERRED;


--
-- Name: auth_user_groups auth_user_groups_user_id_6a12ed8b_fk_auth_user_id; Type: FK CONSTRAINT; Schema: public; Owner: postgres
--

ALTER TABLE ONLY public.auth_user_groups
    ADD CONSTRAINT auth_user_groups_user_id_6a12ed8b_fk_auth_user_id FOREIGN KEY (user_id) REFERENCES public.auth_user(id) DEFERRABLE INITIALLY DEFERRED;


--
-- Name: auth_user_user_permissions auth_user_user_permi_permission_id_1fbb5f2c_fk_auth_perm; Type: FK CONSTRAINT; Schema: public; Owner: postgres
--

ALTER TABLE ONLY public.auth_user_user_permissions
    ADD CONSTRAINT auth_user_user_permi_permission_id_1fbb5f2c_fk_auth_perm FOREIGN KEY (permission_id) REFERENCES public.auth_permission(id) DEFERRABLE INITIALLY DEFERRED;


--
-- Name: auth_user_user_permissions auth_user_user_permissions_user_id_a95ead1b_fk_auth_user_id; Type: FK CONSTRAINT; Schema: public; Owner: postgres
--

ALTER TABLE ONLY public.auth_user_user_permissions
    ADD CONSTRAINT auth_user_user_permissions_user_id_a95ead1b_fk_auth_user_id FOREIGN KEY (user_id) REFERENCES public.auth_user(id) DEFERRABLE INITIALLY DEFERRED;


--
-- Name: django_admin_log django_admin_log_content_type_id_c4bce8eb_fk_django_co; Type: FK CONSTRAINT; Schema: public; Owner: postgres
--

ALTER TABLE ONLY public.django_admin_log
    ADD CONSTRAINT django_admin_log_content_type_id_c4bce8eb_fk_django_co FOREIGN KEY (content_type_id) REFERENCES public.django_content_type(id) DEFERRABLE INITIALLY DEFERRED;


--
-- Name: django_admin_log django_admin_log_user_id_c564eba6_fk_auth_user_id; Type: FK CONSTRAINT; Schema: public; Owner: postgres
--

ALTER TABLE ONLY public.django_admin_log
    ADD CONSTRAINT django_admin_log_user_id_c564eba6_fk_auth_user_id FOREIGN KEY (user_id) REFERENCES public.auth_user(id) DEFERRABLE INITIALLY DEFERRED;


--
-- Name: irender_woodcatalog irender_woodcatalog_wood_type_id_f2a65507_fk_irender_w; Type: FK CONSTRAINT; Schema: public; Owner: postgres
--

ALTER TABLE ONLY public.irender_woodcatalog
    ADD CONSTRAINT irender_woodcatalog_wood_type_id_f2a65507_fk_irender_w FOREIGN KEY (wood_type_id) REFERENCES public.irender_woodtype(id) DEFERRABLE INITIALLY DEFERRED;


--
-- Name: irender_woodparameters irender_woodparamete_dryer_id_756c22ba_fk_irender_d; Type: FK CONSTRAINT; Schema: public; Owner: postgres
--

ALTER TABLE ONLY public.irender_woodparameters
    ADD CONSTRAINT irender_woodparamete_dryer_id_756c22ba_fk_irender_d FOREIGN KEY (dryer_id) REFERENCES public.irender_dryertype(id) DEFERRABLE INITIALLY DEFERRED;


--
-- Name: irender_woodparameters irender_woodparamete_period_id_66cf13a0_fk_irender_t; Type: FK CONSTRAINT; Schema: public; Owner: postgres
--

ALTER TABLE ONLY public.irender_woodparameters
    ADD CONSTRAINT irender_woodparamete_period_id_66cf13a0_fk_irender_t FOREIGN KEY (period_id) REFERENCES public.irender_timeperiod(id) DEFERRABLE INITIALLY DEFERRED;


--
-- Name: irender_woodparameters irender_woodparamete_wood_type_id_e93416ad_fk_irender_w; Type: FK CONSTRAINT; Schema: public; Owner: postgres
--

ALTER TABLE ONLY public.irender_woodparameters
    ADD CONSTRAINT irender_woodparamete_wood_type_id_e93416ad_fk_irender_w FOREIGN KEY (wood_type_id) REFERENCES public.irender_woodtype(id) DEFERRABLE INITIALLY DEFERRED;


--
-- PostgreSQL database dump complete
--

